Vendor purchase budget by client and month (vendor name only),,,,,,,,,
budget = purchase_budget × (vendor_avg_per_month / sum of client vendor avgs),,,,,,,,,
Client,Plan month,Sales month,Net sales 2025,Purchase budget 60%,Vendor,Delivery day(s),Vendor avg/mo,Share,Budget for vendor
Arco Brookhurst 75,Dec 2026,Dec 2025,186333.27,111799.96,Core-Mark,Monday,29626.19,0.8143922692331798,91049.02
Arco Brookhurst 75,Dec 2026,Dec 2025,186333.27,111799.96,Red Bull,Wednesday,2766.26,0.07604152807664355,8501.44
Arco Brookhurst 75,Dec 2026,Dec 2025,186333.27,111799.96,Frito Lay,Thursday,2683.98,0.07377973889914531,8248.57
Arco Brookhurst 75,Dec 2026,Dec 2025,186333.27,111799.96,7UP,Friday,1301.85,0.03578646379103135,4000.93
Arco Brookhurst 75,Nov 2026,Nov 2025,168738.09,101242.85,Core-Mark,Monday,29626.19,0.8143922692331798,82451.39
Arco Brookhurst 75,Nov 2026,Nov 2025,168738.09,101242.85,Red Bull,Wednesday,2766.26,0.07604152807664355,7698.66
Arco Brookhurst 75,Nov 2026,Nov 2025,168738.09,101242.85,Frito Lay,Thursday,2683.98,0.07377973889914531,7469.67
Arco Brookhurst 75,Nov 2026,Nov 2025,168738.09,101242.85,7UP,Friday,1301.85,0.03578646379103135,3623.12
Arco Brookhurst 75,Oct 2026,Oct 2025,195677.94,117406.76,Core-Mark,Monday,29626.19,0.8143922692331798,95615.16
Arco Brookhurst 75,Oct 2026,Oct 2025,195677.94,117406.76,Red Bull,Wednesday,2766.26,0.07604152807664355,8927.79
Arco Brookhurst 75,Oct 2026,Oct 2025,195677.94,117406.76,Frito Lay,Thursday,2683.98,0.07377973889914531,8662.24
Arco Brookhurst 75,Oct 2026,Oct 2025,195677.94,117406.76,7UP,Friday,1301.85,0.03578646379103135,4201.57
Arco Brookhurst 75,Sep 2026,Sep 2025,199109.26,119465.56,Core-Mark,Monday,29626.19,0.8143922692331798,97291.83
Arco Brookhurst 75,Sep 2026,Sep 2025,199109.26,119465.56,Red Bull,Wednesday,2766.26,0.07604152807664355,9084.34
Arco Brookhurst 75,Sep 2026,Sep 2025,199109.26,119465.56,Frito Lay,Thursday,2683.98,0.07377973889914531,8814.14
Arco Brookhurst 75,Sep 2026,Sep 2025,199109.26,119465.56,7UP,Friday,1301.85,0.03578646379103135,4275.25
Arco Charleston,Dec 2026,Dec 2025,61044.29,36626.57,Core-Mark,Tuesday,30231.03,0.8566152072779492,31374.88
Arco Charleston,Dec 2026,Dec 2025,61044.29,36626.57,Frito Lay,Wednesday,2509.84,0.07111789151194942,2604.8
Arco Charleston,Dec 2026,Dec 2025,61044.29,36626.57,Red Bull,Wednesday,1770.75,0.05017531252780433,1837.75
Arco Charleston,Dec 2026,Dec 2025,61044.29,36626.57,7UP,Tuesday,779.64,0.02209158868229697,809.14
Arco Charleston,Nov 2026,Nov 2025,62971.02,37782.61,Core-Mark,Tuesday,30231.03,0.8566152072779492,32365.16
Arco Charleston,Nov 2026,Nov 2025,62971.02,37782.61,Frito Lay,Wednesday,2509.84,0.07111789151194942,2687.02
Arco Charleston,Nov 2026,Nov 2025,62971.02,37782.61,Red Bull,Wednesday,1770.75,0.05017531252780433,1895.75
Arco Charleston,Nov 2026,Nov 2025,62971.02,37782.61,7UP,Tuesday,779.64,0.02209158868229697,834.68
Arco Charleston,Oct 2026,Oct 2025,71004.36,42602.62,Core-Mark,Tuesday,30231.03,0.8566152072779492,36494.05
Arco Charleston,Oct 2026,Oct 2025,71004.36,42602.62,Frito Lay,Wednesday,2509.84,0.07111789151194942,3029.81
Arco Charleston,Oct 2026,Oct 2025,71004.36,42602.62,Red Bull,Wednesday,1770.75,0.05017531252780433,2137.6
Arco Charleston,Oct 2026,Oct 2025,71004.36,42602.62,7UP,Tuesday,779.64,0.02209158868229697,941.16
Arco Charleston,Sep 2026,Sep 2025,70480.2,42288.12,Core-Mark,Tuesday,30231.03,0.8566152072779492,36224.65
Arco Charleston,Sep 2026,Sep 2025,70480.2,42288.12,Frito Lay,Wednesday,2509.84,0.07111789151194942,3007.44
Arco Charleston,Sep 2026,Sep 2025,70480.2,42288.12,Red Bull,Wednesday,1770.75,0.05017531252780433,2121.82
Arco Charleston,Sep 2026,Sep 2025,70480.2,42288.12,7UP,Tuesday,779.64,0.02209158868229697,934.21
Arco Db (Diamond Bar),Dec 2026,Dec 2025,115732.69,69439.61,Core-Mark,Tuesday,33676.06,0.4605030709494269,31977.15
Arco Db (Diamond Bar),Dec 2026,Dec 2025,115732.69,69439.61,Harbor,Wednesday,12767.91,0.1745947050992871,12123.79
Arco Db (Diamond Bar),Dec 2026,Dec 2025,115732.69,69439.61,Coke,Friday,6224.7,0.08511962105243007,5910.67
Arco Db (Diamond Bar),Dec 2026,Dec 2025,115732.69,69439.61,Pepsi,Saturday,4980.77,0.06810950808060022,4729.5
Arco Db (Diamond Bar),Dec 2026,Dec 2025,115732.69,69439.61,Frito Lay,Wednesday,4262.8,0.05829163182519622,4047.75
Arco Db (Diamond Bar),Dec 2026,Dec 2025,115732.69,69439.61,Straub,Friday,3952.62,0.05405007736344822,3753.22
Arco Db (Diamond Bar),Dec 2026,Dec 2025,115732.69,69439.61,Red Bull,Thursday,2909.73,0.03978908460887871,2762.94
Arco Db (Diamond Bar),Dec 2026,Dec 2025,115732.69,69439.61,Sunset,Monday,1761.5,0.02408762068595363,1672.63
Arco Db (Diamond Bar),Dec 2026,Dec 2025,115732.69,69439.61,7UP,Wednesday,1321.97,0.01807727046165775,1255.28
Arco Db (Diamond Bar),Dec 2026,Dec 2025,115732.69,69439.61,Bimbo,Wednesday,713.42,0.009755657308982707,677.43
Arco Db (Diamond Bar),Dec 2026,Dec 2025,115732.69,69439.61,NorthStar,Wednesday,557.37,0.007621752564138505,529.25
Arco Db (Diamond Bar),Nov 2026,Nov 2025,111305.45,66783.27,Core-Mark,Tuesday,33676.06,0.4605030709494269,30753.9
Arco Db (Diamond Bar),Nov 2026,Nov 2025,111305.45,66783.27,Harbor,Wednesday,12767.91,0.1745947050992871,11660.01
Arco Db (Diamond Bar),Nov 2026,Nov 2025,111305.45,66783.27,Coke,Friday,6224.7,0.08511962105243007,5684.57
Arco Db (Diamond Bar),Nov 2026,Nov 2025,111305.45,66783.27,Pepsi,Saturday,4980.77,0.06810950808060022,4548.58
Arco Db (Diamond Bar),Nov 2026,Nov 2025,111305.45,66783.27,Frito Lay,Wednesday,4262.8,0.05829163182519622,3892.91
Arco Db (Diamond Bar),Nov 2026,Nov 2025,111305.45,66783.27,Straub,Friday,3952.62,0.05405007736344822,3609.64
Arco Db (Diamond Bar),Nov 2026,Nov 2025,111305.45,66783.27,Red Bull,Thursday,2909.73,0.03978908460887871,2657.25
Arco Db (Diamond Bar),Nov 2026,Nov 2025,111305.45,66783.27,Sunset,Monday,1761.5,0.02408762068595363,1608.65
Arco Db (Diamond Bar),Nov 2026,Nov 2025,111305.45,66783.27,7UP,Wednesday,1321.97,0.01807727046165775,1207.26
Arco Db (Diamond Bar),Nov 2026,Nov 2025,111305.45,66783.27,Bimbo,Wednesday,713.42,0.009755657308982707,651.51
Arco Db (Diamond Bar),Nov 2026,Nov 2025,111305.45,66783.27,NorthStar,Wednesday,557.37,0.007621752564138505,509.01
Arco Db (Diamond Bar),Oct 2026,Oct 2025,132093.98,79256.39,Core-Mark,Tuesday,33676.06,0.4605030709494269,36497.81
Arco Db (Diamond Bar),Oct 2026,Oct 2025,132093.98,79256.39,Harbor,Wednesday,12767.91,0.1745947050992871,13837.75
Arco Db (Diamond Bar),Oct 2026,Oct 2025,132093.98,79256.39,Coke,Friday,6224.7,0.08511962105243007,6746.27
Arco Db (Diamond Bar),Oct 2026,Oct 2025,132093.98,79256.39,Pepsi,Saturday,4980.77,0.06810950808060022,5398.11
Arco Db (Diamond Bar),Oct 2026,Oct 2025,132093.98,79256.39,Frito Lay,Wednesday,4262.8,0.05829163182519622,4619.98
Arco Db (Diamond Bar),Oct 2026,Oct 2025,132093.98,79256.39,Straub,Friday,3952.62,0.05405007736344822,4283.81
Arco Db (Diamond Bar),Oct 2026,Oct 2025,132093.98,79256.39,Red Bull,Thursday,2909.73,0.03978908460887871,3153.54
Arco Db (Diamond Bar),Oct 2026,Oct 2025,132093.98,79256.39,Sunset,Monday,1761.5,0.02408762068595363,1909.1
Arco Db (Diamond Bar),Oct 2026,Oct 2025,132093.98,79256.39,7UP,Wednesday,1321.97,0.01807727046165775,1432.74
Arco Db (Diamond Bar),Oct 2026,Oct 2025,132093.98,79256.39,Bimbo,Wednesday,713.42,0.009755657308982707,773.2
Arco Db (Diamond Bar),Oct 2026,Oct 2025,132093.98,79256.39,NorthStar,Wednesday,557.37,0.007621752564138505,604.07
Arco Db (Diamond Bar),Sep 2026,Sep 2025,127052.46,76231.48,Core-Mark,Tuesday,33676.06,0.4605030709494269,35104.83
Arco Db (Diamond Bar),Sep 2026,Sep 2025,127052.46,76231.48,Harbor,Wednesday,12767.91,0.1745947050992871,13309.61
Arco Db (Diamond Bar),Sep 2026,Sep 2025,127052.46,76231.48,Coke,Friday,6224.7,0.08511962105243007,6488.79
Arco Db (Diamond Bar),Sep 2026,Sep 2025,127052.46,76231.48,Pepsi,Saturday,4980.77,0.06810950808060022,5192.09
Arco Db (Diamond Bar),Sep 2026,Sep 2025,127052.46,76231.48,Frito Lay,Wednesday,4262.8,0.05829163182519622,4443.66
Arco Db (Diamond Bar),Sep 2026,Sep 2025,127052.46,76231.48,Straub,Friday,3952.62,0.05405007736344822,4120.32
Arco Db (Diamond Bar),Sep 2026,Sep 2025,127052.46,76231.48,Red Bull,Thursday,2909.73,0.03978908460887871,3033.18
Arco Db (Diamond Bar),Sep 2026,Sep 2025,127052.46,76231.48,Sunset,Monday,1761.5,0.02408762068595363,1836.23
Arco Db (Diamond Bar),Sep 2026,Sep 2025,127052.46,76231.48,7UP,Wednesday,1321.97,0.01807727046165775,1378.06
Arco Db (Diamond Bar),Sep 2026,Sep 2025,127052.46,76231.48,Bimbo,Wednesday,713.42,0.009755657308982707,743.69
Arco Db (Diamond Bar),Sep 2026,Sep 2025,127052.46,76231.48,NorthStar,Wednesday,557.37,0.007621752564138505,581.02
Arco Flamingo (Koval),Dec 2026,Dec 2025,95090.41,57054.25,Core-Mark,Monday,38216.3,0.8764460638785093,50004.97
Arco Flamingo (Koval),Dec 2026,Dec 2025,95090.41,57054.25,Frito Lay,Thursday,3062.88,0.07024356413708832,4007.69
Arco Flamingo (Koval),Dec 2026,Dec 2025,95090.41,57054.25,Red Bull,Wednesday,1426.06,0.03270501523838223,1865.96
Arco Flamingo (Koval),Dec 2026,Dec 2025,95090.41,57054.25,7UP,Wednesday,898.47,0.02060535674602,1175.62
Arco Flamingo (Koval),Nov 2026,Nov 2025,108186.37,64911.82,Core-Mark,Monday,38216.3,0.8764460638785093,56891.71
Arco Flamingo (Koval),Nov 2026,Nov 2025,108186.37,64911.82,Frito Lay,Thursday,3062.88,0.07024356413708832,4559.64
Arco Flamingo (Koval),Nov 2026,Nov 2025,108186.37,64911.82,Red Bull,Wednesday,1426.06,0.03270501523838223,2122.94
Arco Flamingo (Koval),Nov 2026,Nov 2025,108186.37,64911.82,7UP,Wednesday,898.47,0.02060535674602,1337.53
Arco Flamingo (Koval),Oct 2026,Oct 2025,101329.36,60797.62,Core-Mark,Monday,38216.3,0.8764460638785093,53285.83
Arco Flamingo (Koval),Oct 2026,Oct 2025,101329.36,60797.62,Frito Lay,Thursday,3062.88,0.07024356413708832,4270.64
Arco Flamingo (Koval),Oct 2026,Oct 2025,101329.36,60797.62,Red Bull,Wednesday,1426.06,0.03270501523838223,1988.39
Arco Flamingo (Koval),Oct 2026,Oct 2025,101329.36,60797.62,7UP,Wednesday,898.47,0.02060535674602,1252.76
Arco Flamingo (Koval),Sep 2026,Sep 2025,122744.24,73646.54,Core-Mark,Monday,38216.3,0.8764460638785093,64547.22
Arco Flamingo (Koval),Sep 2026,Sep 2025,122744.24,73646.54,Frito Lay,Thursday,3062.88,0.07024356413708832,5173.2
Arco Flamingo (Koval),Sep 2026,Sep 2025,122744.24,73646.54,Red Bull,Wednesday,1426.06,0.03270501523838223,2408.61
Arco Flamingo (Koval),Sep 2026,Sep 2025,122744.24,73646.54,7UP,Wednesday,898.47,0.02060535674602,1517.51
Arco Garden Grove,Dec 2026,Dec 2025,136904.48,82142.69,Core-Mark,Monday,33083.2,0.807338751025243,66316.98
Arco Garden Grove,Dec 2026,Dec 2025,136904.48,82142.69,Frito Lay,Friday,4449.76,0.1085887604815159,8919.77
Arco Garden Grove,Dec 2026,Dec 2025,136904.48,82142.69,Red Bull,Friday,2475.04,0.06039910596125881,4961.35
Arco Garden Grove,Dec 2026,Dec 2025,136904.48,82142.69,7UP,Monday,970.09,0.02367338253198234,1944.6
Arco Garden Grove,Nov 2026,Nov 2025,128223.2,76933.92,Core-Mark,Monday,33083.2,0.807338751025243,62111.73
Arco Garden Grove,Nov 2026,Nov 2025,128223.2,76933.92,Frito Lay,Friday,4449.76,0.1085887604815159,8354.16
Arco Garden Grove,Nov 2026,Nov 2025,128223.2,76933.92,Red Bull,Friday,2475.04,0.06039910596125881,4646.74
Arco Garden Grove,Nov 2026,Nov 2025,128223.2,76933.92,7UP,Monday,970.09,0.02367338253198234,1821.29
Arco Garden Grove,Oct 2026,Oct 2025,153698.45,92219.07,Core-Mark,Monday,33083.2,0.807338751025243,74452.03
Arco Garden Grove,Oct 2026,Oct 2025,153698.45,92219.07,Frito Lay,Friday,4449.76,0.1085887604815159,10013.95
Arco Garden Grove,Oct 2026,Oct 2025,153698.45,92219.07,Red Bull,Friday,2475.04,0.06039910596125881,5569.95
Arco Garden Grove,Oct 2026,Oct 2025,153698.45,92219.07,7UP,Monday,970.09,0.02367338253198234,2183.14
Arco Garden Grove,Sep 2026,Sep 2025,149380.78,89628.47,Core-Mark,Monday,33083.2,0.807338751025243,72360.54
Arco Garden Grove,Sep 2026,Sep 2025,149380.78,89628.47,Frito Lay,Friday,4449.76,0.1085887604815159,9732.64
Arco Garden Grove,Sep 2026,Sep 2025,149380.78,89628.47,Red Bull,Friday,2475.04,0.06039910596125881,5413.48
Arco Garden Grove,Sep 2026,Sep 2025,149380.78,89628.47,7UP,Monday,970.09,0.02367338253198234,2121.81
Arco HB,Dec 2026,Dec 2025,112874.21,67724.53,Core-Mark,Monday,32199.41,0.4705805755393581,31869.85
Arco HB,Dec 2026,Dec 2025,112874.21,67724.53,Harbor,Thursday,10827.15,0.1582341564162499,10716.33
Arco HB,Dec 2026,Dec 2025,112874.21,67724.53,Coke,Wednesday,7023.26,0.1026419345249665,6951.38
Arco HB,Dec 2026,Dec 2025,112874.21,67724.53,Pepsi,Friday,5376.39,0.07857363537170554,5321.36
Arco HB,Dec 2026,Dec 2025,112874.21,67724.53,Frito Lay,Friday,3675.35,0.05371366488729389,3637.73
Arco HB,Dec 2026,Dec 2025,112874.21,67724.53,Red Bull,Wednesday,3362.28,0.04913828102826955,3327.87
Arco HB,Dec 2026,Dec 2025,112874.21,67724.53,Straub,Wednesday,2124.33,0.0310461723999143,2102.59
Arco HB,Dec 2026,Dec 2025,112874.21,67724.53,7UP,Thursday,1777.14,0.02597213936572176,1758.95
Arco HB,Dec 2026,Dec 2025,112874.21,67724.53,Bon Apetit,Monday,1259.95,0.0184136291985106,1247.05
Arco HB,Dec 2026,Dec 2025,112874.21,67724.53,Bimbo,Monday,799.6,0.0116858112680099,791.42
Arco HB,Nov 2026,Nov 2025,109138.12,65482.87,Core-Mark,Monday,32199.41,0.4705805755393581,30814.97
Arco HB,Nov 2026,Nov 2025,109138.12,65482.87,Harbor,Thursday,10827.15,0.1582341564162499,10361.63
Arco HB,Nov 2026,Nov 2025,109138.12,65482.87,Coke,Wednesday,7023.26,0.1026419345249665,6721.29
Arco HB,Nov 2026,Nov 2025,109138.12,65482.87,Pepsi,Friday,5376.39,0.07857363537170554,5145.23
Arco HB,Nov 2026,Nov 2025,109138.12,65482.87,Frito Lay,Friday,3675.35,0.05371366488729389,3517.32
Arco HB,Nov 2026,Nov 2025,109138.12,65482.87,Red Bull,Wednesday,3362.28,0.04913828102826955,3217.72
Arco HB,Nov 2026,Nov 2025,109138.12,65482.87,Straub,Wednesday,2124.33,0.0310461723999143,2032.99
Arco HB,Nov 2026,Nov 2025,109138.12,65482.87,7UP,Thursday,1777.14,0.02597213936572176,1700.73
Arco HB,Nov 2026,Nov 2025,109138.12,65482.87,Bon Apetit,Monday,1259.95,0.0184136291985106,1205.78
Arco HB,Nov 2026,Nov 2025,109138.12,65482.87,Bimbo,Monday,799.6,0.0116858112680099,765.22
Arco HB,Oct 2026,Oct 2025,136503.88,81902.33,Core-Mark,Monday,32199.41,0.4705805755393581,38541.65
Arco HB,Oct 2026,Oct 2025,136503.88,81902.33,Harbor,Thursday,10827.15,0.1582341564162499,12959.75
Arco HB,Oct 2026,Oct 2025,136503.88,81902.33,Coke,Wednesday,7023.26,0.1026419345249665,8406.61
Arco HB,Oct 2026,Oct 2025,136503.88,81902.33,Pepsi,Friday,5376.39,0.07857363537170554,6435.36
Arco HB,Oct 2026,Oct 2025,136503.88,81902.33,Frito Lay,Friday,3675.35,0.05371366488729389,4399.27
Arco HB,Oct 2026,Oct 2025,136503.88,81902.33,Red Bull,Wednesday,3362.28,0.04913828102826955,4024.54
Arco HB,Oct 2026,Oct 2025,136503.88,81902.33,Straub,Wednesday,2124.33,0.0310461723999143,2542.75
Arco HB,Oct 2026,Oct 2025,136503.88,81902.33,7UP,Thursday,1777.14,0.02597213936572176,2127.18
Arco HB,Oct 2026,Oct 2025,136503.88,81902.33,Bon Apetit,Monday,1259.95,0.0184136291985106,1508.12
Arco HB,Oct 2026,Oct 2025,136503.88,81902.33,Bimbo,Monday,799.6,0.0116858112680099,957.1
Arco HB,Sep 2026,Sep 2025,132379.94,79427.96,Core-Mark,Monday,32199.41,0.4705805755393581,37377.26
Arco HB,Sep 2026,Sep 2025,132379.94,79427.96,Harbor,Thursday,10827.15,0.1582341564162499,12568.22
Arco HB,Sep 2026,Sep 2025,132379.94,79427.96,Coke,Wednesday,7023.26,0.1026419345249665,8152.64
Arco HB,Sep 2026,Sep 2025,132379.94,79427.96,Pepsi,Friday,5376.39,0.07857363537170554,6240.94
Arco HB,Sep 2026,Sep 2025,132379.94,79427.96,Frito Lay,Friday,3675.35,0.05371366488729389,4266.37
Arco HB,Sep 2026,Sep 2025,132379.94,79427.96,Red Bull,Wednesday,3362.28,0.04913828102826955,3902.95
Arco HB,Sep 2026,Sep 2025,132379.94,79427.96,Straub,Wednesday,2124.33,0.0310461723999143,2465.93
Arco HB,Sep 2026,Sep 2025,132379.94,79427.96,7UP,Thursday,1777.14,0.02597213936572176,2062.91
Arco HB,Sep 2026,Sep 2025,132379.94,79427.96,Bon Apetit,Monday,1259.95,0.0184136291985106,1462.56
Arco HB,Sep 2026,Sep 2025,132379.94,79427.96,Bimbo,Monday,799.6,0.0116858112680099,928.18
Arco Lamb,Dec 2026,Dec 2025,85341.02,51204.61,Core-Mark,Tuesday,32122.53,0.8488361000691541,43464.32
Arco Lamb,Dec 2026,Dec 2025,85341.02,51204.61,Frito Lay,Saturday,2785.84,0.07361566978119882,3769.46
Arco Lamb,Dec 2026,Dec 2025,85341.02,51204.61,Red Bull,Friday,2174.97,0.05747346340924604,2942.91
Arco Lamb,Dec 2026,Dec 2025,85341.02,51204.61,7UP,Tuesday,759.69,0.02007476674040107,1027.92
Arco Lamb,Nov 2026,Nov 2025,77949.48,46769.69,Core-Mark,Tuesday,32122.53,0.8488361000691541,39699.8
Arco Lamb,Nov 2026,Nov 2025,77949.48,46769.69,Frito Lay,Saturday,2785.84,0.07361566978119882,3442.98
Arco Lamb,Nov 2026,Nov 2025,77949.48,46769.69,Red Bull,Friday,2174.97,0.05747346340924604,2688.02
Arco Lamb,Nov 2026,Nov 2025,77949.48,46769.69,7UP,Tuesday,759.69,0.02007476674040107,938.89
Arco Lamb,Oct 2026,Oct 2025,84852.33,50911.4,Core-Mark,Tuesday,32122.53,0.8488361000691541,43215.43
Arco Lamb,Oct 2026,Oct 2025,84852.33,50911.4,Frito Lay,Saturday,2785.84,0.07361566978119882,3747.88
Arco Lamb,Oct 2026,Oct 2025,84852.33,50911.4,Red Bull,Friday,2174.97,0.05747346340924604,2926.05
Arco Lamb,Oct 2026,Oct 2025,84852.33,50911.4,7UP,Tuesday,759.69,0.02007476674040107,1022.03
Arco Lamb,Sep 2026,Sep 2025,85480.5,51288.3,Core-Mark,Tuesday,32122.53,0.8488361000691541,43535.36
Arco Lamb,Sep 2026,Sep 2025,85480.5,51288.3,Frito Lay,Saturday,2785.84,0.07361566978119882,3775.62
Arco Lamb,Sep 2026,Sep 2025,85480.5,51288.3,Red Bull,Friday,2174.97,0.05747346340924604,2947.72
Arco Lamb,Sep 2026,Sep 2025,85480.5,51288.3,7UP,Tuesday,759.69,0.02007476674040107,1029.6
Arco Oakey,Dec 2026,Dec 2025,33608.95,20165.37,Core-Mark,Tuesday,21289.52,0.9021736136448679,18192.66
Arco Oakey,Dec 2026,Dec 2025,33608.95,20165.37,Red Bull,Friday,976.16,0.04136616488749273,834.16
Arco Oakey,Dec 2026,Dec 2025,33608.95,20165.37,Frito Lay,Tuesday,796.11,0.03373629069884224,680.3
Arco Oakey,Dec 2026,Dec 2025,33608.95,20165.37,7UP,Monday,536.24,0.02272393076879723,458.24
Arco Oakey,Nov 2026,Nov 2025,36845.08,22107.05,Core-Mark,Tuesday,21289.52,0.9021736136448679,19944.4
Arco Oakey,Nov 2026,Nov 2025,36845.08,22107.05,Red Bull,Friday,976.16,0.04136616488749273,914.48
Arco Oakey,Nov 2026,Nov 2025,36845.08,22107.05,Frito Lay,Tuesday,796.11,0.03373629069884224,745.81
Arco Oakey,Nov 2026,Nov 2025,36845.08,22107.05,7UP,Monday,536.24,0.02272393076879723,502.36
Arco Oakey,Oct 2026,Oct 2025,41527.81,24916.69,Core-Mark,Tuesday,21289.52,0.9021736136448679,22479.18
Arco Oakey,Oct 2026,Oct 2025,41527.81,24916.69,Red Bull,Friday,976.16,0.04136616488749273,1030.71
Arco Oakey,Oct 2026,Oct 2025,41527.81,24916.69,Frito Lay,Tuesday,796.11,0.03373629069884224,840.6
Arco Oakey,Oct 2026,Oct 2025,41527.81,24916.69,7UP,Monday,536.24,0.02272393076879723,566.21
Arco Oakey,Sep 2026,Sep 2025,35826.29,21495.77,Core-Mark,Tuesday,21289.52,0.9021736136448679,19392.92
Arco Oakey,Sep 2026,Sep 2025,35826.29,21495.77,Red Bull,Friday,976.16,0.04136616488749273,889.2
Arco Oakey,Sep 2026,Sep 2025,35826.29,21495.77,Frito Lay,Tuesday,796.11,0.03373629069884224,725.19
Arco Oakey,Sep 2026,Sep 2025,35826.29,21495.77,7UP,Monday,536.24,0.02272393076879723,488.47
Arco Placentia,Dec 2026,Dec 2025,85369.24,51221.54,Core-Mark,Monday,30258.81,0.5449357343144723,27912.45
Arco Placentia,Dec 2026,Dec 2025,85369.24,51221.54,Harbor,Wednesday,9212.72,0.1659133435265176,8498.34
Arco Placentia,Dec 2026,Dec 2025,85369.24,51221.54,Pepsi,Thursday,4932.66,0.08883306049456753,4550.17
Arco Placentia,Dec 2026,Dec 2025,85369.24,51221.54,Frito Lay,Friday,3556.03,0.06404111130921186,3280.28
Arco Placentia,Dec 2026,Dec 2025,85369.24,51221.54,Red Bull,Friday,2912.16,0.05244555380866708,2686.34
Arco Placentia,Dec 2026,Dec 2025,85369.24,51221.54,Straub,Wednesday,2570.17,0.04628660136545447,2370.87
Arco Placentia,Dec 2026,Dec 2025,85369.24,51221.54,7UP,Tuesday,1567.05,0.02822125332944335,1445.54
Arco Placentia,Dec 2026,Dec 2025,85369.24,51221.54,NorthStar,Thursday,517.7,0.009323341851665758,477.56
Arco Placentia,Nov 2026,Nov 2025,85904.09,51542.45,Core-Mark,Monday,30258.81,0.5449357343144723,28087.32
Arco Placentia,Nov 2026,Nov 2025,85904.09,51542.45,Harbor,Wednesday,9212.72,0.1659133435265176,8551.58
Arco Placentia,Nov 2026,Nov 2025,85904.09,51542.45,Pepsi,Thursday,4932.66,0.08883306049456753,4578.67
Arco Placentia,Nov 2026,Nov 2025,85904.09,51542.45,Frito Lay,Friday,3556.03,0.06404111130921186,3300.84
Arco Placentia,Nov 2026,Nov 2025,85904.09,51542.45,Red Bull,Friday,2912.16,0.05244555380866708,2703.17
Arco Placentia,Nov 2026,Nov 2025,85904.09,51542.45,Straub,Wednesday,2570.17,0.04628660136545447,2385.72
Arco Placentia,Nov 2026,Nov 2025,85904.09,51542.45,7UP,Tuesday,1567.05,0.02822125332944335,1454.59
Arco Placentia,Nov 2026,Nov 2025,85904.09,51542.45,NorthStar,Thursday,517.7,0.009323341851665758,480.55
Arco Placentia,Oct 2026,Oct 2025,97246.02,58347.61,Core-Mark,Monday,30258.81,0.5449357343144723,31795.7
Arco Placentia,Oct 2026,Oct 2025,97246.02,58347.61,Harbor,Wednesday,9212.72,0.1659133435265176,9680.65
Arco Placentia,Oct 2026,Oct 2025,97246.02,58347.61,Pepsi,Thursday,4932.66,0.08883306049456753,5183.2
Arco Placentia,Oct 2026,Oct 2025,97246.02,58347.61,Frito Lay,Friday,3556.03,0.06404111130921186,3736.65
Arco Placentia,Oct 2026,Oct 2025,97246.02,58347.61,Red Bull,Friday,2912.16,0.05244555380866708,3060.07
Arco Placentia,Oct 2026,Oct 2025,97246.02,58347.61,Straub,Wednesday,2570.17,0.04628660136545447,2700.71
Arco Placentia,Oct 2026,Oct 2025,97246.02,58347.61,7UP,Tuesday,1567.05,0.02822125332944335,1646.64
Arco Placentia,Oct 2026,Oct 2025,97246.02,58347.61,NorthStar,Thursday,517.7,0.009323341851665758,543.99
Arco Placentia,Sep 2026,Sep 2025,98647.69,59188.61,Core-Mark,Monday,30258.81,0.5449357343144723,32253.99
Arco Placentia,Sep 2026,Sep 2025,98647.69,59188.61,Harbor,Wednesday,9212.72,0.1659133435265176,9820.18
Arco Placentia,Sep 2026,Sep 2025,98647.69,59188.61,Pepsi,Thursday,4932.66,0.08883306049456753,5257.91
Arco Placentia,Sep 2026,Sep 2025,98647.69,59188.61,Frito Lay,Friday,3556.03,0.06404111130921186,3790.5
Arco Placentia,Sep 2026,Sep 2025,98647.69,59188.61,Red Bull,Friday,2912.16,0.05244555380866708,3104.18
Arco Placentia,Sep 2026,Sep 2025,98647.69,59188.61,Straub,Wednesday,2570.17,0.04628660136545447,2739.64
Arco Placentia,Sep 2026,Sep 2025,98647.69,59188.61,7UP,Tuesday,1567.05,0.02822125332944335,1670.38
Arco Placentia,Sep 2026,Sep 2025,98647.69,59188.61,NorthStar,Thursday,517.7,0.009323341851665758,551.84
Arco San Diego,Dec 2026,Dec 2025,112410.82,67446.49,Core-Mark,Tuesday,43204.13,0.8347701471450886,56302.32
Arco San Diego,Dec 2026,Dec 2025,112410.82,67446.49,Frito Lay,Monday,3507.43,0.06776893452549786,4570.78
Arco San Diego,Dec 2026,Dec 2025,112410.82,67446.49,Red Bull,Tuesday,2594.91,0.05013764662147489,3381.61
Arco San Diego,Dec 2026,Dec 2025,112410.82,67446.49,7UP,Wednesday,2173.49,0.04199516497886611,2832.43
Arco San Diego,Dec 2026,Dec 2025,112410.82,67446.49,NorthStar,Tuesday,275.76,0.005328106729072652,359.36
Arco San Diego,Nov 2026,Nov 2025,106530.63,63918.38,Core-Mark,Tuesday,43204.13,0.8347701471450886,53357.16
Arco San Diego,Nov 2026,Nov 2025,106530.63,63918.38,Frito Lay,Monday,3507.43,0.06776893452549786,4331.68
Arco San Diego,Nov 2026,Nov 2025,106530.63,63918.38,Red Bull,Tuesday,2594.91,0.05013764662147489,3204.72
Arco San Diego,Nov 2026,Nov 2025,106530.63,63918.38,7UP,Wednesday,2173.49,0.04199516497886611,2684.26
Arco San Diego,Nov 2026,Nov 2025,106530.63,63918.38,NorthStar,Tuesday,275.76,0.005328106729072652,340.56
Arco San Diego,Oct 2026,Oct 2025,121704.08,73022.45,Core-Mark,Tuesday,43204.13,0.8347701471450886,60956.96
Arco San Diego,Oct 2026,Oct 2025,121704.08,73022.45,Frito Lay,Monday,3507.43,0.06776893452549786,4948.65
Arco San Diego,Oct 2026,Oct 2025,121704.08,73022.45,Red Bull,Tuesday,2594.91,0.05013764662147489,3661.17
Arco San Diego,Oct 2026,Oct 2025,121704.08,73022.45,7UP,Wednesday,2173.49,0.04199516497886611,3066.59
Arco San Diego,Oct 2026,Oct 2025,121704.08,73022.45,NorthStar,Tuesday,275.76,0.005328106729072652,389.07
Arco San Diego,Sep 2026,Sep 2025,113968.18,68380.91,Core-Mark,Tuesday,43204.13,0.8347701471450886,57082.34
Arco San Diego,Sep 2026,Sep 2025,113968.18,68380.91,Frito Lay,Monday,3507.43,0.06776893452549786,4634.1
Arco San Diego,Sep 2026,Sep 2025,113968.18,68380.91,Red Bull,Tuesday,2594.91,0.05013764662147489,3428.46
Arco San Diego,Sep 2026,Sep 2025,113968.18,68380.91,7UP,Wednesday,2173.49,0.04199516497886611,2871.67
Arco San Diego,Sep 2026,Sep 2025,113968.18,68380.91,NorthStar,Tuesday,275.76,0.005328106729072652,364.34
Arco Spring Mtn,Dec 2026,Dec 2025,87243.33,52346,Core-Mark,Tuesday,32424.86,0.8483530629144488,44407.89
Arco Spring Mtn,Dec 2026,Dec 2025,87243.33,52346,Frito Lay,Monday,2453.59,0.06419489834763396,3360.35
Arco Spring Mtn,Dec 2026,Dec 2025,87243.33,52346,Red Bull,Thursday,2407.7,0.06299424791900778,3297.5
Arco Spring Mtn,Dec 2026,Dec 2025,87243.33,52346,7UP,Thursday,934.8,0.02445779081890953,1280.27
Arco Spring Mtn,Nov 2026,Nov 2025,75032.41,45019.45,Core-Mark,Tuesday,32424.86,0.8483530629144488,38192.39
Arco Spring Mtn,Nov 2026,Nov 2025,75032.41,45019.45,Frito Lay,Monday,2453.59,0.06419489834763396,2890.02
Arco Spring Mtn,Nov 2026,Nov 2025,75032.41,45019.45,Red Bull,Thursday,2407.7,0.06299424791900778,2835.97
Arco Spring Mtn,Nov 2026,Nov 2025,75032.41,45019.45,7UP,Thursday,934.8,0.02445779081890953,1101.08
Arco Spring Mtn,Oct 2026,Oct 2025,84380.42,50628.25,Core-Mark,Tuesday,32424.86,0.8483530629144488,42950.63
Arco Spring Mtn,Oct 2026,Oct 2025,84380.42,50628.25,Frito Lay,Monday,2453.59,0.06419489834763396,3250.08
Arco Spring Mtn,Oct 2026,Oct 2025,84380.42,50628.25,Red Bull,Thursday,2407.7,0.06299424791900778,3189.29
Arco Spring Mtn,Oct 2026,Oct 2025,84380.42,50628.25,7UP,Thursday,934.8,0.02445779081890953,1238.26
Arco Spring Mtn,Sep 2026,Sep 2025,82110.48,49266.29,Core-Mark,Tuesday,32424.86,0.8483530629144488,41795.21
Arco Spring Mtn,Sep 2026,Sep 2025,82110.48,49266.29,Frito Lay,Monday,2453.59,0.06419489834763396,3162.64
Arco Spring Mtn,Sep 2026,Sep 2025,82110.48,49266.29,Red Bull,Thursday,2407.7,0.06299424791900778,3103.49
Arco Spring Mtn,Sep 2026,Sep 2025,82110.48,49266.29,7UP,Thursday,934.8,0.02445779081890953,1204.94
Arco Tustin,Dec 2026,Dec 2025,81171.99,48703.19,Core-Mark,Thursday,29855.67,0.5311105877112432,25866.78
Arco Tustin,Dec 2026,Dec 2025,81171.99,48703.19,Harbor,Monday,11482.16,0.2042592494422174,9948.08
Arco Tustin,Dec 2026,Dec 2025,81171.99,48703.19,Coke,Wednesday,4663.33,0.08295723850750868,4040.28
Arco Tustin,Dec 2026,Dec 2025,81171.99,48703.19,Pepsi,Friday,3005.72,0.05346956593824348,2604.14
Arco Tustin,Dec 2026,Dec 2025,81171.99,48703.19,Straub,Wednesday,2535.03,0.04509633423619811,2196.34
Arco Tustin,Dec 2026,Dec 2025,81171.99,48703.19,Frito Lay,Tuesday,2360.3,0.04198801501272111,2044.95
Arco Tustin,Dec 2026,Dec 2025,81171.99,48703.19,7UP,Wednesday,1249.13,0.02222111138111271,1082.24
Arco Tustin,Dec 2026,Dec 2025,81171.99,48703.19,Bimbo,Tuesday,1062.32,0.01889789777075537,920.39
Arco Tustin,Nov 2026,Nov 2025,77204.16,46322.5,Core-Mark,Thursday,29855.67,0.5311105877112432,24602.37
Arco Tustin,Nov 2026,Nov 2025,77204.16,46322.5,Harbor,Monday,11482.16,0.2042592494422174,9461.8
Arco Tustin,Nov 2026,Nov 2025,77204.16,46322.5,Coke,Wednesday,4663.33,0.08295723850750868,3842.79
Arco Tustin,Nov 2026,Nov 2025,77204.16,46322.5,Pepsi,Friday,3005.72,0.05346956593824348,2476.84
Arco Tustin,Nov 2026,Nov 2025,77204.16,46322.5,Straub,Wednesday,2535.03,0.04509633423619811,2088.97
Arco Tustin,Nov 2026,Nov 2025,77204.16,46322.5,Frito Lay,Tuesday,2360.3,0.04198801501272111,1944.99
Arco Tustin,Nov 2026,Nov 2025,77204.16,46322.5,7UP,Wednesday,1249.13,0.02222111138111271,1029.34
Arco Tustin,Nov 2026,Nov 2025,77204.16,46322.5,Bimbo,Tuesday,1062.32,0.01889789777075537,875.4
Arco Tustin,Oct 2026,Oct 2025,86637.43,51982.46,Core-Mark,Thursday,29855.67,0.5311105877112432,27608.43
Arco Tustin,Oct 2026,Oct 2025,86637.43,51982.46,Harbor,Monday,11482.16,0.2042592494422174,10617.9
Arco Tustin,Oct 2026,Oct 2025,86637.43,51982.46,Coke,Wednesday,4663.33,0.08295723850750868,4312.32
Arco Tustin,Oct 2026,Oct 2025,86637.43,51982.46,Pepsi,Friday,3005.72,0.05346956593824348,2779.48
Arco Tustin,Oct 2026,Oct 2025,86637.43,51982.46,Straub,Wednesday,2535.03,0.04509633423619811,2344.22
Arco Tustin,Oct 2026,Oct 2025,86637.43,51982.46,Frito Lay,Tuesday,2360.3,0.04198801501272111,2182.64
Arco Tustin,Oct 2026,Oct 2025,86637.43,51982.46,7UP,Wednesday,1249.13,0.02222111138111271,1155.11
Arco Tustin,Oct 2026,Oct 2025,86637.43,51982.46,Bimbo,Tuesday,1062.32,0.01889789777075537,982.36
Arco Tustin,Sep 2026,Sep 2025,87641.39,52584.83,Core-Mark,Thursday,29855.67,0.5311105877112432,27928.36
Arco Tustin,Sep 2026,Sep 2025,87641.39,52584.83,Harbor,Monday,11482.16,0.2042592494422174,10740.94
Arco Tustin,Sep 2026,Sep 2025,87641.39,52584.83,Coke,Wednesday,4663.33,0.08295723850750868,4362.29
Arco Tustin,Sep 2026,Sep 2025,87641.39,52584.83,Pepsi,Friday,3005.72,0.05346956593824348,2811.69
Arco Tustin,Sep 2026,Sep 2025,87641.39,52584.83,Straub,Wednesday,2535.03,0.04509633423619811,2371.38
Arco Tustin,Sep 2026,Sep 2025,87641.39,52584.83,Frito Lay,Tuesday,2360.3,0.04198801501272111,2207.93
Arco Tustin,Sep 2026,Sep 2025,87641.39,52584.83,7UP,Wednesday,1249.13,0.02222111138111271,1168.49
Arco Tustin,Sep 2026,Sep 2025,87641.39,52584.83,Bimbo,Tuesday,1062.32,0.01889789777075537,993.74
Arco Vista,Dec 2026,Dec 2025,73795.76,44277.46,Core-Mark,Tuesday,42483.1,0.8862723140012254,39241.89
Arco Vista,Dec 2026,Dec 2025,73795.76,44277.46,Frito Lay,Sunday,2903.59,0.06057400303204847,2682.06
Arco Vista,Dec 2026,Dec 2025,73795.76,44277.46,Red Bull,Thursday,1747.04,0.0364463323875306,1613.75
Arco Vista,Dec 2026,Dec 2025,73795.76,44277.46,7UP,Wednesday,800.86,0.01670735057919553,739.76
Arco Vista,Nov 2026,Nov 2025,69968.6,41981.16,Core-Mark,Tuesday,42483.1,0.8862723140012254,37206.74
Arco Vista,Nov 2026,Nov 2025,69968.6,41981.16,Frito Lay,Sunday,2903.59,0.06057400303204847,2542.97
Arco Vista,Nov 2026,Nov 2025,69968.6,41981.16,Red Bull,Thursday,1747.04,0.0364463323875306,1530.06
Arco Vista,Nov 2026,Nov 2025,69968.6,41981.16,7UP,Wednesday,800.86,0.01670735057919553,701.39
Arco Vista,Oct 2026,Oct 2025,81769.43,49061.66,Core-Mark,Tuesday,42483.1,0.8862723140012254,43481.99
Arco Vista,Oct 2026,Oct 2025,81769.43,49061.66,Frito Lay,Sunday,2903.59,0.06057400303204847,2971.86
Arco Vista,Oct 2026,Oct 2025,81769.43,49061.66,Red Bull,Thursday,1747.04,0.0364463323875306,1788.12
Arco Vista,Oct 2026,Oct 2025,81769.43,49061.66,7UP,Wednesday,800.86,0.01670735057919553,819.69
Arco Vista,Sep 2026,Sep 2025,80317.85,48190.71,Core-Mark,Tuesday,42483.1,0.8862723140012254,42710.09
Arco Vista,Sep 2026,Sep 2025,80317.85,48190.71,Frito Lay,Sunday,2903.59,0.06057400303204847,2919.1
Arco Vista,Sep 2026,Sep 2025,80317.85,48190.71,Red Bull,Thursday,1747.04,0.0364463323875306,1756.37
Arco Vista,Sep 2026,Sep 2025,80317.85,48190.71,7UP,Wednesday,800.86,0.01670735057919553,805.14
Arco Westminster,Dec 2026,Dec 2025,43387.29,26032.37,Core-Mark,Monday,19766.64,0.8668305314789274,22565.65
Arco Westminster,Dec 2026,Dec 2025,43387.29,26032.37,Red Bull,Wednesday,1445.31,0.06338147684441102,1649.97
Arco Westminster,Dec 2026,Dec 2025,43387.29,26032.37,Frito Lay,Tuesday,1015.88,0.04454959468674559,1159.73
Arco Westminster,Dec 2026,Dec 2025,43387.29,26032.37,7UP,Thursday,575.52,0.02523839698991595,657.02
Arco Westminster,Nov 2026,Nov 2025,44619.9,26771.94,Core-Mark,Monday,19766.64,0.8668305314789274,23206.73
Arco Westminster,Nov 2026,Nov 2025,44619.9,26771.94,Red Bull,Wednesday,1445.31,0.06338147684441102,1696.85
Arco Westminster,Nov 2026,Nov 2025,44619.9,26771.94,Frito Lay,Tuesday,1015.88,0.04454959468674559,1192.68
Arco Westminster,Nov 2026,Nov 2025,44619.9,26771.94,7UP,Thursday,575.52,0.02523839698991595,675.68
Arco Westminster,Oct 2026,Oct 2025,53347.21,32008.33,Core-Mark,Monday,19766.64,0.8668305314789274,27745.8
Arco Westminster,Oct 2026,Oct 2025,53347.21,32008.33,Red Bull,Wednesday,1445.31,0.06338147684441102,2028.74
Arco Westminster,Oct 2026,Oct 2025,53347.21,32008.33,Frito Lay,Tuesday,1015.88,0.04454959468674559,1425.96
Arco Westminster,Oct 2026,Oct 2025,53347.21,32008.33,7UP,Thursday,575.52,0.02523839698991595,807.84
Arco Westminster,Sep 2026,Sep 2025,56302.02,33781.21,Core-Mark,Monday,19766.64,0.8668305314789274,29282.58
Arco Westminster,Sep 2026,Sep 2025,56302.02,33781.21,Red Bull,Wednesday,1445.31,0.06338147684441102,2141.1
Arco Westminster,Sep 2026,Sep 2025,56302.02,33781.21,Frito Lay,Tuesday,1015.88,0.04454959468674559,1504.94
Arco Westminster,Sep 2026,Sep 2025,56302.02,33781.21,7UP,Thursday,575.52,0.02523839698991595,852.58
Laguna,Dec 2026,Dec 2025,143539.49,86123.69,Core-Mark,Monday,42370.77,0.8638022469051386,74393.84
Laguna,Dec 2026,Dec 2025,143539.49,86123.69,Frito Lay,Monday,3200.08,0.0652392272851354,5618.64
Laguna,Dec 2026,Dec 2025,143539.49,86123.69,Red Bull,Wednesday,1774.96,0.03618566375278866,3116.44
Laguna,Dec 2026,Dec 2025,143539.49,86123.69,7UP,Monday,1705.66,0.03477286205693734,2994.77
Laguna,Nov 2026,Nov 2025,126922.5,76153.5,Core-Mark,Monday,42370.77,0.8638022469051386,65781.56
Laguna,Nov 2026,Nov 2025,126922.5,76153.5,Frito Lay,Monday,3200.08,0.0652392272851354,4968.2
Laguna,Nov 2026,Nov 2025,126922.5,76153.5,Red Bull,Wednesday,1774.96,0.03618566375278866,2755.66
Laguna,Nov 2026,Nov 2025,126922.5,76153.5,7UP,Monday,1705.66,0.03477286205693734,2648.08
Laguna,Oct 2026,Oct 2025,146448.93,87869.36,Core-Mark,Monday,42370.77,0.8638022469051386,75901.75
Laguna,Oct 2026,Oct 2025,146448.93,87869.36,Frito Lay,Monday,3200.08,0.0652392272851354,5732.53
Laguna,Oct 2026,Oct 2025,146448.93,87869.36,Red Bull,Wednesday,1774.96,0.03618566375278866,3179.61
Laguna,Oct 2026,Oct 2025,146448.93,87869.36,7UP,Monday,1705.66,0.03477286205693734,3055.47
Laguna,Sep 2026,Sep 2025,141434.74,84860.84,Core-Mark,Monday,42370.77,0.8638022469051386,73302.98
Laguna,Sep 2026,Sep 2025,141434.74,84860.84,Frito Lay,Monday,3200.08,0.0652392272851354,5536.26
Laguna,Sep 2026,Sep 2025,141434.74,84860.84,Red Bull,Wednesday,1774.96,0.03618566375278866,3070.75
Laguna,Sep 2026,Sep 2025,141434.74,84860.84,7UP,Monday,1705.66,0.03477286205693734,2950.85
